engine,context_tokens,concurrency,workload,ttft_p50_ms,ttft_p95_ms,ttft_p99_ms,tpot_p50_ms,tpot_p95_ms,itl_mean_ms,e2e_p50_ms,e2e_p95_ms,e2e_p99_ms,output_tps_total,req_per_sec,error_rate,gpu_util_mean_pct,gpu_util_peak_pct,gpu_memory_used_mean_gb,gpu_hbm_bw_mean_gbps,kv_cache_hit_rate,kv_cache_utilization,num_running_post,num_queued_post,bottleneck,bottleneck_confidence,bottleneck_reason
sglang,512,1,random,51.96583643555641,63.261068426072605,66.29634983837605,3.4712147356858893,3.701629689127043,4.536530637955353,1213.5252933949232,1223.7431395798922,1226.0790104418993,277.3142620733148,0.824522087433047,0.0,96.20547945205479,100.0,82.46685791015625,4022.784,0.0,0.0,0,0,unknown,low,No dominant bottleneck pattern detected from available metrics.
sglang,512,4,random,78.12480442225933,90.28680622577667,95.64915239810944,3.954038072794523,4.212677337802607,5.169614232053943,1402.9920790344477,1426.8232172355056,1430.3448329865932,899.7206669031187,2.679600914036887,0.0,96.73913043478261,100.0,82.46685791015625,4022.784,0.0,0.0,0,0,unknown,low,No dominant bottleneck pattern detected from available metrics.
sglang,512,8,random,93.0177103728056,113.41451872140169,114.17634446173906,4.579275711427193,4.940312282487675,6.003140134651677,1648.2575833797455,1662.8599029034376,1664.3764181435108,1546.9726657968379,4.6018026746559375,0.0,94.35714285714286,100.0,82.46685791015625,4022.784,0.0,0.0,0,0,unknown,low,No dominant bottleneck pattern detected from available metrics.
sglang,512,16,random,108.79295878112316,129.06753048300743,130.51329992711544,5.288160165297864,6.020731657817928,7.090560780728564,1810.0268859416246,2066.684576869011,2067.0260882750154,2603.374478887047,7.729734200971043,0.0,91.875,100.0,82.46685791015625,4022.784,0.0,0.0,0,0,prefill_compute,high,TTFT grew 2.1x vs baseline (c=1) and GPU util is 92% — prefill saturating compute.
sglang,512,32,random,161.3121945410967,164.96689226478338,165.46513300389051,6.191984338569679,6.556769516691904,8.07226124590908,2222.2899589687586,2226.251170039177,2226.8843703344464,4516.004594310731,13.420518853820893,0.0,99.0,100.0,82.46685791015625,4022.784,0.0,0.0,0,0,prefill_compute,high,TTFT grew 3.1x vs baseline (c=1) and GPU util is 99% — prefill saturating compute.
sglang,512,64,random,132.4878055602312,154.41056080162525,155.9038746729493,6.338183150008634,6.7208016705181866,8.245426316569054,2245.1834343373775,2247.6263631135225,2250.1467294991016,4473.233084955487,13.277628628541072,0.0,81.8,100.0,82.46685791015625,4022.784,0.0,0.0,0,0,prefill_compute,high,TTFT grew 2.5x vs baseline (c=1) and GPU util is 82% — prefill saturating compute.
sglang,512,128,random,153.3707231283188,189.57767225801945,189.98720958828926,6.287164658682412,6.692043926343495,8.18382144996933,2240.861013531685,2282.800839841366,2283.433929346502,4398.630834962009,13.08856626154139,0.0,80.0,100.0,82.46685791015625,4022.784,0.0,0.0,0,0,prefill_compute,medium,TTFT grew 3.0x vs baseline but GPU util is only 80% — likely prefill contention.
sglang,2048,1,random,77.85657420754433,84.63411685079336,90.3870451822877,3.490690691062324,3.9229828068729375,4.687976913611873,1249.803962185979,1261.274642497301,1764.5887709036476,264.2470927810221,0.7865277094385021,0.0,97.02597402597402,100.0,82.46685791015625,4022.784,0.0,0.0,0,0,unknown,low,No dominant bottleneck pattern detected from available metrics.
sglang,2048,4,random,92.70216710865498,128.2516222447157,128.8866138458252,4.010761381093278,4.331012229175751,5.2083068750068255,1424.83114823699,1461.337143741548,1461.7530236393213,880.6679593761801,2.6241595928968415,0.0,94.65217391304348,100.0,82.46685791015625,4022.784,0.0,0.0,0,0,unknown,low,No dominant bottleneck pattern detected from available metrics.
sglang,2048,8,random,100.61134397983551,104.52161822468042,104.87248308956623,4.75870060184322,5.265815161311268,6.166916585533447,1706.7765202373266,1745.4838072881103,1748.5678882524371,1495.2756179052249,4.456857281386661,0.0,93.85714285714286,100.0,82.46685791015625,4022.784,0.0,0.0,0,0,unknown,low,No dominant bottleneck pattern detected from available metrics.
sglang,2048,16,random,130.41825778782368,152.12982427328825,153.22111420333385,5.971371889590465,6.76545453394964,7.792476987332301,2005.7104229927063,2275.0242430716753,2275.965899154544,2349.2930515244907,7.002363789938869,0.0,98.22222222222223,100.0,82.46685791015625,4022.784,0.0,0.0,0,0,decode_bandwidth,high,TPOT rose 1.3x vs lower concurrency and HBM BW is 4023 GB/s — decode bandwidth bound.
sglang,2048,32,random,220.59116326272488,230.89183289557695,231.48758456110954,7.315516603113748,7.866885996079132,9.67191718762217,2691.6015427559614,2696.134192124009,2697.394585199654,3748.0407934470854,11.088878087121554,0.0,100.0,100.0,82.46685791015625,4022.784,0.0,0.0,0,0,prefill_compute,high,TTFT grew 2.8x vs baseline (c=1) and GPU util is 100% — prefill saturating compute.
sglang,2048,64,random,218.7784742563963,229.5149151235819,230.54266668856144,7.494511456347608,7.992588366593138,9.903954196891753,2750.302469357848,2754.86744903028,2755.908403173089,3666.2571051002737,10.852265727973183,0.0,87.33333333333333,100.0,82.46881103515625,4022.784,0.0,0.0,0,0,prefill_compute,high,TTFT grew 2.8x vs baseline (c=1) and GPU util is 87% — prefill saturating compute.
sglang,2048,128,random,221.33602388203144,236.96027491241693,239.983006156981,7.433885086464146,7.979224276566149,9.803654222803958,2728.069456294179,2734.2921989038587,2735.44714640826,3695.5540583601833,10.934670258487573,0.0,81.5,100.0,82.46881103515625,4022.784,0.0,0.0,0,0,prefill_compute,high,TTFT grew 2.8x vs baseline (c=1) and GPU util is 82% — prefill saturating compute.
sglang,4096,1,random,85.44572629034519,93.42719782143831,93.78466993570328,3.538126843915078,3.8707094905622847,4.767475820152588,1272.8801537305117,1282.6509606093168,1865.5769440904267,262.45620639135484,0.774054875318585,0.0,97.73076923076923,100.0,82.46881103515625,4022.784,0.0,0.0,0,0,unknown,low,No dominant bottleneck pattern detected from available metrics.
sglang,4096,4,random,91.33462980389595,100.9380217641592,108.21205593645573,4.232213974421732,4.599380598110119,5.591736449038281,1522.348042577505,1531.5484780818224,1532.58002769202,837.3472140607897,2.4639937637884937,0.0,98.64,100.0,82.46881103515625,4022.784,0.0,0.0,0,0,unknown,low,No dominant bottleneck pattern detected from available metrics.
sglang,4096,8,random,118.4834148734808,149.38610792160034,151.8334872275591,5.2317440484440745,5.650815713541931,6.874835564225327,1919.3252734839916,1952.45251506567,1956.146170347929,1343.497736298927,3.9811272312295345,0.0,92.5625,100.0,82.46881103515625,4022.784,0.0,0.0,0,0,decode_bandwidth,high,TPOT rose 1.2x vs lower concurrency and HBM BW is 4023 GB/s — decode bandwidth bound.
sglang,4096,16,random,188.35459277033806,232.43929408490658,234.6956180036068,6.867034170551966,7.547660197223541,9.106773396625238,2438.034702092409,2619.864263944328,2620.8671562746167,2013.494945170254,5.927855579500257,0.0,97.18181818181819,100.0,82.46881103515625,4022.784,0.0,0.0,0,0,prefill_compute,high,TTFT grew 2.2x vs baseline (c=1) and GPU util is 97% — prefill saturating compute.
sglang,4096,32,random,348.3754172921181,353.3630985766649,358.84564757347107,9.560282840666911,10.128490771815368,12.54411757625396,3550.234880298376,3555.048644170165,3558.03879506886,2840.508056811228,8.408845638872789,0.0,93.75,100.0,82.46881103515625,4022.784,0.0,0.0,0,0,prefill_compute,high,TTFT grew 4.1x vs baseline (c=1) and GPU util is 94% — prefill saturating compute.
sglang,4096,64,random,345.3344088047743,364.0400080010295,364.7056643292308,9.511904082746206,9.97012232029457,12.413751716707266,3517.480041831732,3525.2714412286878,3525.8257381245494,2861.431638270279,8.488376263038502,0.0,86.75,100.0,82.46881103515625,4022.784,0.0,0.0,0,0,prefill_compute,high,TTFT grew 4.0x vs baseline (c=1) and GPU util is 87% — prefill saturating compute.
sglang,4096,128,random,332.7380809932947,337.1479755267501,339.14847407490015,10.030912318286273,10.57716041900472,13.225434247672167,3709.862172603607,3713.5150510817766,3716.6703843325377,2744.1099011277265,8.050390869727341,0.0,90.625,100.0,82.46881103515625,4022.784,0.0,0.0,0,0,prefill_compute,high,TTFT grew 3.9x vs baseline (c=1) and GPU util is 91% — prefill saturating compute.
sglang,8192,1,random,144.2512795329094,149.07600376755,151.15701530128717,3.606934836208394,3.9202593292616634,4.724904834445005,1347.8493187576532,1354.4959818944335,1355.2186278998852,251.26044204731488,0.7522017025665548,0.0,98.425,100.0,82.46881103515625,4022.784,0.0,0.0,0,0,unknown,low,No dominant bottleneck pattern detected from available metrics.
sglang,8192,4,random,135.380607098341,146.98906932026148,148.5069302842021,4.550132544409456,4.824446630045043,5.929734517935834,1651.785409078002,1664.8850191384554,1665.2920211851597,780.4075253685751,2.298922403874436,0.0,91.37037037037037,100.0,82.46881103515625,4022.784,0.0,0.0,0,0,decode_bandwidth,high,TPOT rose 1.3x vs lower concurrency and HBM BW is 4023 GB/s — decode bandwidth bound.
sglang,8192,8,random,165.56690819561481,237.40658704191446,240.0867523252964,5.804665920817676,6.543546367031788,7.509105788921219,2115.0185614824295,2224.877913109958,2227.036210298538,1204.0123857485182,3.592279619339189,0.0,91.29411764705883,100.0,82.46881103515625,4022.784,0.0,0.0,0,0,decode_bandwidth,high,TPOT rose 1.3x vs lower concurrency and HBM BW is 4023 GB/s — decode bandwidth bound.
sglang,8192,16,random,317.25302524864674,340.90458657592535,345.1789104565978,8.407829568478437,8.965724928467397,10.953038727828101,3091.9685252010822,3121.3263012468815,3122.415486909449,1625.1937143992304,4.825397014249496,0.0,84.53846153846153,100.0,82.46971247746394,4022.784,0.0,0.0,0,0,prefill_compute,high,TTFT grew 2.2x vs baseline (c=1) and GPU util is 85% — prefill saturating compute.
sglang,8192,32,random,1043.9968593418598,1074.9012429267168,1076.9931208342314,12.461963100083334,13.50323294338725,16.300257495026184,5207.038274034858,5212.599070556462,5214.944896548986,1921.8943145884834,5.7432841356364674,0.0,79.72727272727273,100.0,82.47076416015625,4022.784,0.0,0.0,0,0,prefill_compute,medium,TTFT grew 7.2x vs baseline but GPU util is only 80% — likely prefill contention.
sglang,8192,64,random,1019.6149460971355,1066.535267420113,1073.0536630749702,12.659913805736245,13.638841301159601,16.483470960185418,5190.310440957546,5198.8843947649,5199.75806042552,1927.3468401727791,5.7624481966497285,0.0,78.81818181818181,100.0,82.47076416015625,4022.784,0.0,0.0,0,0,prefill_compute,medium,TTFT grew 7.1x vs baseline but GPU util is only 79% — likely prefill contention.
sglang,8192,128,random,1044.2221611738205,1073.1486586853862,1080.7440507411957,12.435825283485396,13.47524907152936,16.26525809854464,5199.324365705252,5203.558666072786,5203.922375515103,1926.2602109509248,5.752892616080413,0.0,82.9090909090909,100.0,82.47076416015625,4022.784,0.0,0.0,0,0,prefill_compute,high,TTFT grew 7.2x vs baseline (c=1) and GPU util is 83% — prefill saturating compute.
sglang,512,1,shared_prefix,56.50738254189491,101.13636385649443,101.28209039568901,3.5213636411382963,3.7725467191983,4.448429662125562,1190.2478951960802,1236.0025303438306,1236.4363342523575,271.5830193124233,0.8307831731796368,0.0,95.16438356164383,100.0,82.47076416015625,4022.784,0.0,0.0,0,0,unknown,low,No dominant bottleneck pattern detected from available metrics.
sglang,512,4,shared_prefix,93.36025081574917,96.81834615767002,96.98505621403456,3.9741370360575345,4.323542822445167,5.033725957367935,1386.5869883447886,1390.9818904474378,1391.4724028110504,894.3968580179311,2.7332082856817697,0.0,91.27272727272727,100.0,82.47076416015625,4022.784,0.0,0.0,0,0,unknown,low,No dominant bottleneck pattern detected from available metrics.
sglang,512,8,shared_prefix,117.64285527169704,122.33556639403105,123.67290306836367,4.621140739709782,5.069925612941335,5.858174763571203,1633.9655760675669,1638.2819829508662,1638.7132102623582,1519.7829894310976,4.655247057681532,0.0,87.38461538461539,100.0,82.47076416015625,4022.784,0.0,0.0,0,0,prefill_compute,high,TTFT grew 2.1x vs baseline (c=1) and GPU util is 87% — prefill saturating compute.
sglang,512,16,shared_prefix,152.9675405472517,173.54489471763372,174.4981311261654,5.9994691442606225,6.51764237852788,7.626831668362119,2106.991393491626,2117.1429516747594,2118.9862313121557,2330.9252266325993,7.102148770970747,0.0,80.55555555555556,100.0,82.47076416015625,4022.784,0.0,0.0,0,0,prefill_compute,high,TTFT grew 2.7x vs baseline (c=1) and GPU util is 81% — prefill saturating compute.
sglang,512,32,shared_prefix,259.37696918845177,265.13338312506676,267.38592330366373,6.654484804662864,7.272546664128695,8.498806984596003,2429.497694596648,2433.9666767045856,2435.245660878718,4024.0090788511793,12.274557434218137,0.0,80.0,100.0,82.47076416015625,4022.784,0.0,0.0,0,0,prefill_compute,medium,TTFT grew 4.6x vs baseline but GPU util is only 80% — likely prefill contention.
sglang,512,64,shared_prefix,265.12146182358265,294.4191347807646,295.74963983148336,6.726420663632796,7.314534241033873,8.50810239615004,2439.6509397774935,2442.552629299462,2443.4041506052017,4009.88220075432,12.224008334786058,0.0,93.0,100.0,82.47076416015625,4022.784,0.0,0.0,0,0,prefill_compute,high,TTFT grew 4.7x vs baseline (c=1) and GPU util is 93% — prefill saturating compute.
sglang,512,128,shared_prefix,271.953534334898,307.27472342550755,309.2043476179242,6.7371223621263585,7.3165766795687555,8.508673855194859,2440.4401388019323,2445.7348549738526,2446.675241217017,3993.35083741656,12.218309548444346,0.0,70.0,100.0,82.47076416015625,4022.784,0.0,0.0,0,0,prefill_compute,medium,TTFT grew 4.8x vs baseline but GPU util is only 70% — likely prefill contention.
sglang,2048,1,shared_prefix,97.55311906337738,102.36443467438221,106.71573054045439,3.4867899324234375,3.821839527536088,4.448637215335385,1232.3678359389305,1236.071684025228,1242.1720499172807,265.16245417930423,0.8108117037385718,0.0,93.62162162162163,100.0,82.47076416015625,4022.784,0.0,0.0,0,0,unknown,low,No dominant bottleneck pattern detected from available metrics.
sglang,2048,4,shared_prefix,90.25634080171585,92.72682275623083,93.55609133839607,3.9596697031379,4.376201835652329,5.0380151728594225,1383.5793733596802,1386.147784627974,1386.6702322289348,895.0421269329295,2.7368529006205162,0.0,92.45454545454545,100.0,82.47076416015625,4022.784,0.0,0.0,0,0,unknown,low,No dominant bottleneck pattern detected from available metrics.
sglang,2048,8,shared_prefix,116.35693162679672,123.64337854087353,126.4365654438734,4.609684933579946,5.083235285448138,5.861237745951204,1634.7610503435135,1640.1209546253085,1642.526204623282,1519.9607749665613,4.653890921514272,0.0,94.84615384615384,100.0,82.47076416015625,4022.784,0.0,0.0,0,0,unknown,low,No dominant bottleneck pattern detected from available metrics.
sglang,2048,16,shared_prefix,147.58945629000664,207.6329566538334,208.21770884096622,6.01172059461787,6.556738452973382,7.660562501234167,2132.7449921518564,2145.6871500238776,2146.947729513049,2322.7096994917156,7.072806636698281,0.0,96.0,100.0,82.47076416015625,4022.784,0.0,0.0,0,0,decode_bandwidth,high,TPOT rose 1.3x vs lower concurrency and HBM BW is 4023 GB/s — decode bandwidth bound.
sglang,2048,32,shared_prefix,204.07621748745441,229.43391390144825,230.91433506458998,6.927391212885415,7.533692916885026,8.810205734730546,2457.8003268688917,2463.5000424459577,2464.8319416865706,3968.5012531906086,12.105240223255542,0.0,70.2,100.0,82.47076416015625,4022.784,0.0,0.0,0,0,prefill_compute,medium,TTFT grew 2.1x vs baseline but GPU util is only 70% — likely prefill contention.
sglang,2048,64,shared_prefix,186.59481033682823,203.83847262710333,215.5588410049677,6.83917345493539,7.4500722619202255,8.684356312444008,2408.14021602273,2411.3909628242254,2412.5317580997944,4055.5833588275996,12.370869421944889,0.0,76.2,100.0,82.47076416015625,4022.784,0.0,0.0,0,0,saturation,high,Throughput gain from increasing concurrency is only 2.2% — system is saturated.
sglang,2048,128,shared_prefix,269.8138412088156,274.9775355681777,277.5579125061631,6.482968447167912,7.074774972998637,8.274275786152073,2383.4399171173573,2389.1479201614857,2391.037840023637,4101.1141175533385,12.509753281809878,0.0,73.4,100.0,82.47076416015625,4022.784,0.0,0.0,0,0,prefill_compute,medium,TTFT grew 2.8x vs baseline but GPU util is only 73% — likely prefill contention.
sglang,4096,1,shared_prefix,96.56696580350399,101.08635257929564,102.05955781042576,3.502897551497276,3.8308859359331295,4.453407502154899,1233.2064844667912,1238.5455280542374,1238.958953768015,264.1129003317759,0.8102451181054584,0.0,93.89189189189189,100.0,82.47076416015625,4022.784,0.0,0.0,0,0,unknown,low,No dominant bottleneck pattern detected from available metrics.
sglang,4096,4,shared_prefix,92.77650527656078,95.49674689769745,95.77411696314812,3.9844216813332016,4.375844051142874,5.0354780656060365,1385.283749550581,1387.8275150433183,1388.1914270296693,894.5212095685231,2.735817747686379,0.0,92.36363636363636,100.0,82.47076416015625,4022.784,0.0,0.0,0,0,unknown,low,No dominant bottleneck pattern detected from available metrics.
sglang,4096,8,shared_prefix,116.95953458547592,121.79210390895605,123.32161173224449,4.662805994620978,5.089422732724415,5.870507410636135,1633.7342988699675,1637.881936505437,1638.5697035863996,1515.042079375478,4.644993600538,0.0,92.46153846153847,100.0,82.47076416015625,4022.784,0.0,0.0,0,0,unknown,low,No dominant bottleneck pattern detected from available metrics.
sglang,4096,16,shared_prefix,143.3798000216484,151.68698709458113,156.12671818584204,6.014116056836569,6.563432589935877,7.681905070161507,2116.9655956327915,2127.4611320346594,2128.3554941415787,2328.885584021,7.09161261882156,0.0,95.88888888888889,100.0,82.47076416015625,4022.784,0.0,0.0,0,0,decode_bandwidth,high,TPOT rose 1.3x vs lower concurrency and HBM BW is 4023 GB/s — decode bandwidth bound.
sglang,4096,32,shared_prefix,265.1379927992821,270.6907395273447,272.22592655569315,6.7723314870443225,7.409488035014783,8.646114461270033,2474.3836615234613,2479.915861785412,2480.447944626212,3951.3605561410272,12.052955433068716,0.0,76.8,100.0,82.47076416015625,4022.784,0.0,0.0,0,0,prefill_compute,medium,TTFT grew 2.7x vs baseline but GPU util is only 77% — likely prefill contention.
sglang,4096,64,shared_prefix,224.59175810217857,246.50078676640987,248.26563067734241,6.776069731794512,7.4326081531016674,8.64335885040121,2434.0458679944277,2442.2191640362144,2442.7018513530493,4015.881664659747,12.24976613521021,0.0,69.0,100.0,82.47076416015625,4022.784,0.0,0.0,0,0,prefill_compute,medium,TTFT grew 2.3x vs baseline but GPU util is only 69% — likely prefill contention.
sglang,4096,128,shared_prefix,261.8706040084362,271.5992419049144,271.89550682902336,6.6091221613274,7.2105518968183056,8.418069678583956,2413.8103630393744,2418.902532197535,2419.479386433959,4049.2342578510975,12.351502565890485,0.0,80.0,100.0,82.47076416015625,4022.784,0.0,0.0,0,0,prefill_compute,medium,TTFT grew 2.7x vs baseline but GPU util is only 80% — likely prefill contention.
sglang,8192,1,shared_prefix,98.84705394506454,104.78918384760618,106.79004840552807,3.5212044562752016,3.8245004553513176,4.446133119510669,1231.9056689739227,1238.7481139972806,1240.9653951600194,265.1277445066933,0.8109535415172104,0.0,94.85135135135135,100.0,82.47076416015625,4022.784,0.0,0.0,0,0,unknown,low,No dominant bottleneck pattern detected from available metrics.
sglang,8192,4,shared_prefix,92.99354255199432,99.7187813743949,100.44973138719797,4.001330695835387,4.391374909535867,5.04059520373547,1387.7598941326141,1393.524237908423,1395.1376776769757,892.3988660997378,2.7301617359771706,0.0,96.0909090909091,100.0,82.47076416015625,4022.784,0.0,0.0,0,0,unknown,low,No dominant bottleneck pattern detected from available metrics.
sglang,8192,8,shared_prefix,115.02178944647312,134.71802305430174,136.5896648913622,4.693821400509284,5.068417913426822,5.874627104479503,1630.5816043168306,1634.7912976518273,1635.7518251985312,1513.1635199821874,4.6387600244702245,0.0,96.46153846153847,100.0,82.47076416015625,4022.784,0.0,0.0,0,0,unknown,low,No dominant bottleneck pattern detected from available metrics.
sglang,8192,16,shared_prefix,149.25670623779297,159.19533167034388,159.67918176203966,5.9871696398151,6.542165864871552,7.6540264604138395,2112.5787887722254,2121.511048451066,2122.3046493902802,2334.0890918852256,7.107457648858786,0.0,98.0,100.0,82.47076416015625,4022.784,0.0,0.0,0,0,decode_bandwidth,high,TPOT rose 1.3x vs lower concurrency and HBM BW is 4023 GB/s — decode bandwidth bound.
sglang,8192,32,shared_prefix,273.52601289749146,334.74426101893187,337.1467611566186,6.45790969302058,7.088477004078441,8.238871957546746,2383.6700692772865,2388.3638963103294,2391.300783418119,4092.835100848823,12.481961271268139,0.0,70.2,100.0,82.47076416015625,4022.784,0.0,0.0,0,0,prefill_compute,medium,TTFT grew 2.8x vs baseline but GPU util is only 70% — likely prefill contention.
sglang,8192,64,shared_prefix,271.38958126306534,310.18131989985704,310.7658629864454,6.982696886526817,7.632937445237871,8.861835765974973,2539.9201922118664,2543.168227933347,2543.8218216970563,3850.269473819499,11.748177808643712,0.0,83.33333333333333,100.0,82.47076416015625,4022.784,0.0,0.0,0,0,prefill_compute,high,TTFT grew 2.7x vs baseline (c=1) and GPU util is 83% — prefill saturating compute.
sglang,8192,128,shared_prefix,271.1709029972553,309.2411594465375,313.20410035550594,6.831700078806387,7.481251070468852,8.673103873928389,2485.289415344596,2491.5821505710483,2493.476886190474,3928.7673365145847,11.998678621137895,0.0,69.4,100.0,82.47076416015625,4022.784,0.0,0.0,0,0,prefill_compute,medium,TTFT grew 2.7x vs baseline but GPU util is only 69% — likely prefill contention.
